NO_OF_FRAMES	1712
NO_OF_CAMERAS	9
NO_OF_MARKERS	1
FREQUENCY	300
NO_OF_ANALOG	0
ANALOG_FREQUENCY	0
DESCRIPTION	--
TIME_STAMP	2022-11-03, 09:08:41.191	6328.07958570
DATA_INCLUDED	3D
MARKER_NAMES	pen
TRAJECTORY_TYPES	Measured
1275	4.24667	440.374	453.742	26.366
1276	4.25000	440.343	453.656	26.360
1277	4.25333	440.293	453.560	26.366
1278	4.25667	440.237	453.464	26.366
1279	4.26000	440.170	453.347	26.359
1280	4.26333	440.096	453.247	26.357
1281	4.26667	440.004	453.122	26.351
1282	4.27000	439.913	452.992	26.349
1283	4.27333	439.813	452.850	26.360
1284	4.27667	439.714	452.713	26.363
1285	4.28000	439.603	452.554	26.359
1286	4.28333	439.478	452.402	26.354
1287	4.28667	439.336	452.232	26.337
1288	4.29000	439.189	452.054	26.329
1289	4.29333	439.024	451.872	26.322
1290	4.29667	438.861	451.676	26.321
1291	4.30000	438.654	451.473	26.315
1292	4.30333	438.469	451.281	26.303
1293	4.30667	438.240	451.099	26.309
1294	4.31000	438.026	450.911	26.305
1295	4.31333	437.791	450.717	26.317
1296	4.31667	437.552	450.523	26.311
1297	4.32000	437.272	450.330	26.309
1298	4.32333	437.006	450.158	26.310
1299	4.32667	436.765	449.972	26.289
1300	4.33000	436.489	449.779	26.284
1301	4.33333	436.167	449.598	26.284
1302	4.33667	435.819	449.402	26.270
1303	4.34000	435.473	449.199	26.246
1304	4.34333	435.111	449.013	26.254
1305	4.34667	434.752	448.848	26.260
1306	4.35000	434.329	448.654	26.242
1307	4.35333	433.918	448.415	26.242
1308	4.35667	433.487	448.199	26.244
1309	4.36000	433.006	448.023	26.212
1310	4.36333	432.546	447.829	26.216
1311	4.36667	432.021	447.559	26.221
1312	4.37000	431.474	447.337	26.203
1313	4.37333	430.936	447.092	26.202
1314	4.37667	430.368	446.884	26.223
1315	4.38000	429.750	446.604	26.231
1316	4.38333	429.147	446.288	26.217
1317	4.38667	428.532	446.025	26.199
1318	4.39000	427.892	445.752	26.205
1319	4.39333	427.142	445.386	26.186
1320	4.39667	426.500	445.109	26.222
1321	4.40000	425.722	444.792	26.202
1322	4.40333	424.930	444.338	26.240
1323	4.40667	424.122	444.048	26.243
1324	4.41000	423.299	443.701	26.269
1325	4.41333	422.452	443.293	26.308
1326	4.41667	421.584	443.004	26.312
1327	4.42000	420.659	442.559	26.350
1328	4.42333	419.764	442.204	26.407
1329	4.42667	418.796	441.857	26.435
1330	4.43000	417.805	441.430	26.445
1331	4.43333	416.867	441.131	26.460
1332	4.43667	415.817	440.704	26.490
1333	4.44000	414.792	440.374	26.461
1334	4.44333	413.736	440.009	26.477
1335	4.44667	412.688	439.625	26.469
1336	4.45000	411.636	439.270	26.446
1337	4.45333	410.525	438.893	26.426
1338	4.45667	409.445	438.556	26.379
1339	4.46000	408.338	438.133	26.381
1340	4.46333	407.276	437.794	26.362
1341	4.46667	406.194	437.399	26.354
1342	4.47000	405.104	437.032	26.340
1343	4.47333	403.954	436.641	26.311
1344	4.47667	402.807	436.288	26.276
1345	4.48000	401.625	435.886	26.242
1346	4.48333	400.466	435.525	26.240
1347	4.48667	399.305	435.126	26.204
1348	4.49000	398.147	434.756	26.174
1349	4.49333	396.983	434.358	26.141
1350	4.49667	395.806	433.993	26.090
1351	4.50000	394.635	433.591	26.016
1352	4.50333	393.452	433.193	25.971
1353	4.50667	392.265	432.821	25.910
1354	4.51000	391.062	432.415	25.837
1355	4.51333	389.871	432.054	25.801
1356	4.51667	388.647	431.654	25.741
1357	4.52000	387.433	431.334	25.698
1358	4.52333	386.174	430.899	25.644
1359	4.52667	384.929	430.543	25.634
1360	4.53000	383.664	430.111	25.584
1361	4.53333	382.398	429.784	25.575
1362	4.53667	381.090	429.317	25.537
1363	4.54000	379.806	429.005	25.520
1364	4.54333	378.501	428.514	25.477
1365	4.54667	377.236	428.181	25.456
1366	4.55000	375.905	427.700	25.418
1367	4.55333	374.599	427.361	25.402
1368	4.55667	373.284	426.923	25.378
1369	4.56000	371.983	426.611	25.364
1370	4.56333	370.682	426.155	25.323
1371	4.56667	369.393	425.815	25.306
1372	4.57000	368.055	425.343	25.266
1373	4.57333	366.754	425.011	25.264
1374	4.57667	365.368	424.534	25.244
1375	4.58000	364.005	424.200	25.201
1376	4.58333	362.628	423.742	25.216
1377	4.58667	361.241	423.418	25.171
1378	4.59000	359.823	422.956	25.179
1379	4.59333	358.455	422.668	25.149
1380	4.59667	356.958	422.227	25.128
1381	4.60000	355.543	421.957	25.095
1382	4.60333	354.017	421.550	25.106
1383	4.60667	352.575	421.270	25.046
1384	4.61000	351.049	420.905	25.079
1385	4.61333	349.527	420.678	25.013
1386	4.61667	347.956	420.327	25.046
1387	4.62000	346.417	420.118	24.989
1388	4.62333	344.862	419.762	25.005
1389	4.62667	343.244	419.558	24.971
1390	4.63000	341.698	419.259	24.928
1391	4.63333	340.096	419.043	24.940
1392	4.63667	338.531	418.749	24.901
1393	4.64000	336.977	418.478	24.897
1394	4.64333	335.424	418.230	24.864
1395	4.64667	333.845	418.022	24.850
1396	4.65000	332.287	417.708	24.844
1397	4.65333	330.773	417.466	24.796
1398	4.65667	329.240	417.188	24.824
1399	4.66000	327.710	416.968	24.766
1400	4.66333	326.244	416.744	24.775
1401	4.66667	324.808	416.437	24.730
1402	4.67000	323.369	416.233	24.730
1403	4.67333	321.897	415.950	24.702
1404	4.67667	320.491	415.753	24.696
1405	4.68000	319.041	415.473	24.689
1406	4.68333	317.614	415.318	24.646
1407	4.68667	316.221	415.101	24.638
1408	4.69000	314.808	414.886	24.633
1409	4.69333	313.399	414.794	24.582
1410	4.69667	311.983	414.615	24.587
1411	4.70000	310.566	414.481	24.551
1412	4.70333	309.138	414.436	24.543
1413	4.70667	307.685	414.310	24.534
1414	4.71000	306.288	414.330	24.503
1415	4.71333	304.842	414.337	24.486
1416	4.71667	303.415	414.346	24.487
1417	4.72000	302.011	414.348	24.480
1418	4.72333	300.594	414.491	24.453
1419	4.72667	299.166	414.595	24.430
1420	4.73000	297.764	414.757	24.400
1421	4.73333	296.357	414.929	24.382
1422	4.73667	294.952	415.163	24.387
1423	4.74000	293.541	415.488	24.350
1424	4.74333	292.132	415.769	24.369
1425	4.74667	290.714	416.165	24.354
1426	4.75000	289.303	416.558	24.353
1427	4.75333	287.896	417.021	24.313
1428	4.75667	286.480	417.511	24.321
1429	4.76000	285.059	418.081	24.286
1430	4.76333	283.639	418.648	24.326
1431	4.76667	282.246	419.270	24.269
1432	4.77000	280.841	419.902	24.309
1433	4.77333	279.477	420.643	24.217
1434	4.77667	278.098	421.358	24.282
1435	4.78000	276.742	422.145	24.235
1436	4.78333	275.388	422.980	24.236
1437	4.78667	274.058	423.890	24.231
1438	4.79000	272.772	424.732	24.232
1439	4.79333	271.530	425.639	24.212
1440	4.79667	270.338	426.555	24.253
1441	4.80000	269.215	427.577	24.199
1442	4.80333	268.088	428.533	24.255
1443	4.80667	267.026	429.544	24.230
1444	4.81000	266.056	430.628	24.206
1445	4.81333	265.020	431.689	24.228
1446	4.81667	264.091	432.801	24.236
1447	4.82000	263.184	434.005	24.216
1448	4.82333	262.295	435.182	24.223
1449	4.82667	261.462	436.446	24.202
1450	4.83000	260.603	437.724	24.215
1451	4.83333	259.836	439.045	24.260
1452	4.83667	259.051	440.402	24.216
1453	4.84000	258.294	441.797	24.238
1454	4.84333	257.543	443.252	24.239
1455	4.84667	256.795	444.716	24.256
1456	4.85000	256.138	446.222	24.261
1457	4.85333	255.453	447.897	24.272
1458	4.85667	254.803	449.444	24.289
1459	4.86000	254.232	451.114	24.282
1460	4.86333	253.637	452.794	24.265
1461	4.86667	253.073	454.530	24.333
1462	4.87000	252.556	456.286	24.338
1463	4.87333	252.052	458.052	24.360
1464	4.87667	251.621	459.899	24.380
1465	4.88000	251.174	461.724	24.409
1466	4.88333	250.777	463.545	24.440
1467	4.88667	250.482	465.427	24.459
1468	4.89000	250.155	467.316	24.420
1469	4.89333	249.942	469.171	24.448
1470	4.89667	249.747	471.047	24.485
1471	4.90000	249.591	472.947	24.493
1472	4.90333	249.460	474.868	24.500
1473	4.90667	249.384	476.781	24.519
1474	4.91000	249.395	478.672	24.544
1475	4.91333	249.419	480.578	24.589
1476	4.91667	249.456	482.475	24.601
1477	4.92000	249.527	484.373	24.643
1478	4.92333	249.634	486.305	24.672
1479	4.92667	249.769	488.205	24.674
1480	4.93000	249.979	490.095	24.687
1481	4.93333	250.182	491.979	24.710
1482	4.93667	250.419	493.862	24.754
1483	4.94000	250.654	495.753	24.776
1484	4.94333	250.963	497.610	24.804
1485	4.94667	251.303	499.468	24.833
1486	4.95000	251.643	501.302	24.842
1487	4.95333	251.996	503.142	24.871
1488	4.95667	252.399	504.946	24.867
1489	4.96000	252.837	506.773	24.877
1490	4.96333	253.269	508.578	24.878
1491	4.96667	253.716	510.342	24.916
1492	4.97000	254.219	512.066	24.959
1493	4.97333	254.696	513.820	24.976
1494	4.97667	255.195	515.498	25.031
1495	4.98000	255.733	517.185	25.083
1496	4.98333	256.331	518.862	25.093
1497	4.98667	256.943	520.483	25.074
1498	4.99000	257.581	522.105	25.130
1499	4.99333	258.263	523.609	25.125
1500	4.99667	258.961	525.102	25.170
1501	5.00000	259.688	526.591	25.241
1502	5.00333	260.496	528.001	25.214
1503	5.00667	261.335	529.402	25.237
1504	5.01000	262.183	530.728	25.285
1505	5.01333	263.099	531.997	25.289
1506	5.01667	264.033	533.200	25.337
1507	5.02000	264.978	534.373	25.352
1508	5.02333	265.940	535.527	25.368
1509	5.02667	266.938	536.578	25.403
1510	5.03000	267.999	537.609	25.393
1511	5.03333	269.019	538.576	25.493
1512	5.03667	270.128	539.538	25.472
1513	5.04000	271.208	540.392	25.492
1514	5.04333	272.297	541.234	25.506
1515	5.04667	273.425	542.003	25.546
1516	5.05000	274.544	542.733	25.576
1517	5.05333	275.639	543.391	25.575
1518	5.05667	276.773	543.998	25.596
1519	5.06000	277.908	544.562	25.610
1520	5.06333	278.995	545.107	25.643
1521	5.06667	280.125	545.587	25.611
1522	5.07000	281.248	545.967	25.663
1523	5.07333	282.338	546.298	25.687
1524	5.07667	283.478	546.608	25.662
1525	5.08000	284.584	546.810	25.720
1526	5.08333	285.747	546.988	25.691
1527	5.08667	286.900	547.079	25.710
1528	5.09000	288.101	547.072	25.757
1529	5.09333	289.331	547.098	25.709
1530	5.09667	290.560	546.952	25.757
1531	5.10000	291.881	546.784	25.744
1532	5.10333	293.142	546.569	25.780
1533	5.10667	294.519	546.198	25.779
1534	5.11000	295.833	545.857	25.784
1535	5.11333	297.238	545.359	25.780
1536	5.11667	298.590	544.895	25.803
1537	5.12000	300.009	544.317	25.811
1538	5.12333	301.394	543.665	25.853
1539	5.12667	302.825	543.011	25.827
1540	5.13000	304.187	542.342	25.835
1541	5.13333	305.612	541.474	25.852
1542	5.13667	307.000	540.662	25.859
1543	5.14000	308.400	539.735	25.868
1544	5.14333	309.765	538.792	25.858
1545	5.14667	311.177	537.830	25.865
1546	5.15000	312.540	536.802	25.877
1547	5.15333	313.570	535.676	25.886
1548	5.15667	314.978	534.584	25.945
1549	5.16000	316.400	533.468	25.902
1550	5.16333	317.725	532.247	25.952
1551	5.16667	319.048	530.998	25.894
1552	5.17000	320.317	529.681	25.932
1553	5.17333	321.596	528.368	25.902
1554	5.17667	322.874	526.990	25.906
1555	5.18000	324.125	525.576	25.882
1556	5.18333	325.354	524.147	25.925
1557	5.18667	326.648	522.709	25.931
1558	5.19000	327.765	521.246	25.942
1559	5.19333	328.910	519.826	25.931
1560	5.19667	330.048	518.300	25.887
1561	5.20000	331.246	516.631	25.839
1562	5.20333	332.393	515.111	25.823
1563	5.20667	333.533	513.412	25.836
1564	5.21000	334.649	511.690	25.842
1565	5.21333	335.808	510.055	25.833
1566	5.21667	336.955	508.393	25.778
1567	5.22000	338.096	506.658	25.793
1568	5.22333	339.245	504.891	25.792
1569	5.22667	340.339	503.126	25.761
1570	5.23000	341.456	501.335	25.765
1571	5.23333	342.636	499.573	25.765
1572	5.23667	343.785	497.773	25.753
1573	5.24000	344.813	495.999	25.746
1574	5.24333	345.883	494.256	25.768
1575	5.24667	346.931	492.458	25.736
1576	5.25000	348.007	490.632	25.737
1577	5.25333	349.032	488.858	25.726
1578	5.25667	350.032	487.131	25.739
1579	5.26000	350.997	485.375	25.709
1580	5.26333	351.963	483.610	25.698
1581	5.26667	352.914	481.917	25.690
1582	5.27000	353.833	480.174	25.707
1583	5.27333	354.657	478.463	25.698
1584	5.27667	355.484	476.782	25.678
1585	5.28000	356.253	475.190	25.668
1586	5.28333	356.941	473.566	25.648
1587	5.28667	357.611	471.969	25.650
1588	5.29000	358.218	470.442	25.642
1589	5.29333	358.804	468.913	25.656
1590	5.29667	359.344	467.408	25.656
1591	5.30000	359.781	465.968	25.624
1592	5.30333	360.247	464.542	25.600
1593	5.30667	360.663	463.087	25.627
1594	5.31000	361.021	461.779	25.594
1595	5.31333	361.392	460.458	25.579
1596	5.31667	361.707	459.170	25.561
1597	5.32000	362.075	457.962	25.543
1598	5.32333	362.295	456.802	25.539
1599	5.32667	362.578	455.759	25.534
1600	5.33000	362.794	454.644	25.512
1601	5.33333	363.036	453.732	25.532
1602	5.33667	363.238	452.714	25.521
1603	5.34000	363.398	451.880	25.514
1604	5.34333	363.544	450.985	25.507
1605	5.34667	363.709	450.263	25.503
1606	5.35000	363.800	449.563	25.506
1607	5.35333	363.847	448.883	25.491
1608	5.35667	363.904	448.364	25.482
1609	5.36000	363.949	447.864	25.482
1610	5.36333	363.940	447.368	25.484
1611	5.36667	363.939	446.945	25.499
1612	5.37000	363.908	446.695	25.489
1613	5.37333	363.850	446.522	25.477
1614	5.37667	363.764	446.362	25.471
1615	5.38000	363.665	446.225	25.462
1616	5.38333	363.547	446.134	25.474
1617	5.38667	363.419	446.093	25.486
1618	5.39000	363.267	446.104	25.488
1619	5.39333	363.112	446.162	25.497
1620	5.39667	362.917	446.297	25.495
1621	5.40000	362.649	446.541	25.500
1622	5.40333	362.297	446.907	25.486
1623	5.40667	361.985	447.292	25.482
1624	5.41000	361.611	447.729	25.490
1625	5.41333	361.190	448.326	25.464
1626	5.41667	360.779	449.041	25.457
1627	5.42000	360.328	449.760	25.471
1628	5.42333	359.799	450.528	25.480
1629	5.42667	359.338	451.431	25.496
1630	5.43000	358.822	452.363	25.484
1631	5.43333	358.336	453.348	25.488
1632	5.43667	357.829	454.431	25.497
1633	5.44000	357.280	455.566	25.507
1634	5.44333	356.783	456.774	25.498
1635	5.44667	356.267	458.007	25.504
1636	5.45000	355.686	459.280	25.549
1637	5.45333	355.167	460.684	25.565
1638	5.45667	354.652	462.025	25.560
1639	5.46000	354.120	463.527	25.566
1640	5.46333	353.573	465.075	25.575
1641	5.46667	353.062	466.612	25.579
1642	5.47000	352.572	468.129	25.581
1643	5.47333	352.091	469.810	25.566
1644	5.47667	351.574	471.488	25.580
1645	5.48000	351.113	473.221	25.603
1646	5.48333	350.640	474.928	25.599
1647	5.48667	350.157	476.691	25.614
1648	5.49000	349.711	478.496	25.624
1649	5.49333	349.267	480.307	25.674
1650	5.49667	348.859	482.166	25.652
1651	5.50000	348.465	484.057	25.692
1652	5.50333	348.094	485.917	25.679
1653	5.50667	347.761	487.768	25.738
1654	5.51000	347.464	489.640	25.735
1655	5.51333	347.245	491.516	25.749
1656	5.51667	347.027	493.371	25.739
1657	5.52000	346.908	495.198	25.762
1658	5.52333	346.815	497.014	25.777
1659	5.52667	346.802	498.874	25.783
1660	5.53000	346.872	500.704	25.814
1661	5.53333	347.001	502.429	25.846
1662	5.53667	347.210	504.153	25.838
1663	5.54000	347.475	505.836	25.878
1664	5.54333	347.866	507.475	25.882
1665	5.54667	348.276	509.108	25.947
1666	5.55000	348.766	510.689	25.978
1667	5.55333	349.378	512.175	25.998
1668	5.55667	350.034	513.645	26.013
1669	5.56000	350.759	515.083	26.028
1670	5.56333	351.564	516.460	26.054
1671	5.56667	352.381	517.755	26.082
1672	5.57000	353.242	519.013	26.078
1673	5.57333	354.158	520.133	26.087
1674	5.57667	355.106	521.278	26.149
1675	5.58000	356.069	522.306	26.187
1676	5.58333	357.080	523.311	26.223
1677	5.58667	358.113	524.374	26.218
1678	5.59000	359.121	525.262	26.242
1679	5.59333	360.218	526.114	26.252
1680	5.59667	361.337	526.974	26.283
1681	5.60000	362.417	527.652	26.315
1682	5.60333	363.589	528.424	26.299
1683	5.60667	364.749	529.045	26.351
1684	5.61000	365.922	529.581	26.394
1685	5.61333	367.128	530.136	26.383
1686	5.61667	368.333	530.548	26.411
1687	5.62000	369.590	530.984	26.427
1688	5.62333	370.838	531.256	26.450
1689	5.62667	372.137	531.540	26.459
1690	5.63000	373.456	531.718	26.472
1691	5.63333	374.821	531.771	26.488
1692	5.63667	376.256	531.816	26.527
1693	5.64000	377.680	531.771	26.523
1694	5.64333	379.121	531.545	26.552
1695	5.64667	380.649	531.355	26.552
1696	5.65000	382.202	531.112	26.589
1697	5.65333	383.786	530.714	26.593
1698	5.65667	385.327	530.230	26.597
1699	5.66000	386.992	529.670	26.620
1700	5.66333	388.650	529.058	26.622
1701	5.66667	390.326	528.341	26.648
1702	5.67000	392.063	527.567	26.670
1703	5.67333	393.778	526.752	26.658
1704	5.67667	395.493	525.859	26.679
1705	5.68000	397.259	524.910	26.688
1706	5.68333	398.994	523.910	26.685
1707	5.68667	400.723	522.788	26.690
1708	5.69000	402.415	521.611	26.734
1709	5.69333	404.138	520.515	26.694
1710	5.69667	405.828	519.270	26.747
1711	5.70000	407.446	517.973	26.727
1712	5.70333	409.115	516.642	26.741
1713	5.70667	410.727	515.261	26.750
1714	5.71000	412.277	513.770	26.757
1715	5.71333	413.855	512.345	26.736
1716	5.71667	415.301	510.833	26.750
1717	5.72000	416.779	509.250	26.709
1718	5.72333	418.170	507.637	26.757
1719	5.72667	419.570	506.050	26.720
1720	5.73000	420.896	504.406	26.729
1721	5.73333	422.274	502.740	26.742
1722	5.73667	423.593	500.964	26.744
1723	5.74000	424.837	499.218	26.722
1724	5.74333	426.118	497.561	26.739
1725	5.74667	427.361	495.728	26.739
1726	5.75000	428.581	493.977	26.759
1727	5.75333	429.810	492.302	26.721
1728	5.75667	430.990	490.484	26.743
1729	5.76000	432.109	488.682	26.707
1730	5.76333	433.271	487.021	26.730
1731	5.76667	434.345	485.285	26.711
1732	5.77000	435.396	483.505	26.749
1733	5.77333	436.457	481.805	26.724
1734	5.77667	437.509	480.091	26.727
1735	5.78000	438.488	478.353	26.696
1736	5.78333	439.454	476.576	26.727
1737	5.78667	440.392	474.874	26.707
1738	5.79000	441.325	473.167	26.727
1739	5.79333	442.151	471.500	26.713
1740	5.79667	443.034	469.982	26.698
1741	5.80000	443.836	468.435	26.706
1742	5.80333	444.618	466.885	26.670
1743	5.80667	445.393	465.484	26.684
1744	5.81000	446.079	464.005	26.662
1745	5.81333	446.756	462.621	26.646
1746	5.81667	447.409	461.298	26.673
1747	5.82000	448.013	459.916	26.663
1748	5.82333	448.639	458.726	26.639
1749	5.82667	449.190	457.489	26.621
1750	5.83000	449.753	456.456	26.601
1751	5.83333	450.234	455.310	26.604
1752	5.83667	450.697	454.307	26.596
1753	5.84000	451.096	453.346	26.579
1754	5.84333	451.499	452.435	26.598
1755	5.84667	451.841	451.609	26.584
1756	5.85000	452.174	450.764	26.589
1757	5.85333	452.485	450.063	26.578
1758	5.85667	452.729	449.405	26.581
1759	5.86000	452.965	448.695	26.586
1760	5.86333	453.181	448.138	26.577
1761	5.86667	453.362	447.626	26.580
1762	5.87000	453.540	447.062	26.558
1763	5.87333	453.654	446.577	26.552
1764	5.87667	453.745	446.208	26.551
1765	5.88000	453.824	445.816	26.563
1766	5.88333	453.854	445.439	26.543
1767	5.88667	453.859	445.091	26.532
1768	5.89000	453.849	444.820	26.545
1769	5.89333	453.843	444.656	26.532
1770	5.89667	453.811	444.502	26.547
1771	5.90000	453.788	444.392	26.555
1772	5.90333	453.751	444.315	26.566
1773	5.90667	453.704	444.267	26.551
1774	5.91000	453.670	444.250	26.552
1775	5.91333	453.632	444.236	26.552
1776	5.91667	453.603	444.243	26.555
1777	5.92000	453.592	444.247	26.548
1778	5.92333	453.597	444.269	26.542
1779	5.92667	453.592	444.266	26.538
1780	5.93000	453.614	444.288	26.538
1781	5.93333	453.635	444.325	26.537
1782	5.93667	453.680	444.429	26.527
1783	5.94000	453.715	444.556	26.506
1784	5.94333	453.757	444.679	26.506
1785	5.94667	453.766	444.812	26.501
1786	5.95000	453.805	444.949	26.499
1787	5.95333	453.847	445.111	26.500
1788	5.95667	453.894	445.300	26.500
1789	5.96000	453.949	445.498	26.505
1790	5.96333	454.017	445.686	26.504
1791	5.96667	454.105	445.910	26.503
1792	5.97000	454.181	446.121	26.508
1793	5.97333	454.271	446.332	26.497
1794	5.97667	454.375	446.509	26.486
1795	5.98000	454.547	446.712	26.472
1796	5.98333	454.754	446.926	26.455
1797	5.98667	454.974	447.155	26.474
1798	5.99000	455.170	447.351	26.490
1799	5.99333	455.365	447.536	26.496
1800	5.99667	455.624	447.706	26.516
1801	6.00000	455.916	447.899	26.517
1802	6.00333	456.247	448.108	26.528
1803	6.00667	456.606	448.358	26.545
1804	6.01000	456.968	448.541	26.545
1805	6.01333	457.349	448.695	26.545
1806	6.01667	457.793	448.885	26.550
1807	6.02000	458.251	449.076	26.565
1808	6.02333	458.728	449.294	26.564
1809	6.02667	459.277	449.447	26.574
1810	6.03000	459.745	449.563	26.581
1811	6.03333	460.287	449.717	26.598
1812	6.03667	460.850	449.905	26.600
1813	6.04000	461.393	450.104	26.603
1814	6.04333	461.943	450.208	26.608
1815	6.04667	462.454	450.323	26.640
1816	6.05000	463.040	450.491	26.639
1817	6.05333	463.586	450.660	26.616
1818	6.05667	464.139	450.840	26.623
1819	6.06000	464.671	450.971	26.654
1820	6.06333	465.222	451.095	26.668
1821	6.06667	465.779	451.292	26.683
1822	6.07000	466.344	451.476	26.652
1823	6.07333	466.842	451.611	26.652
1824	6.07667	467.396	451.763	26.668
1825	6.08000	467.943	451.957	26.682
1826	6.08333	468.513	452.149	26.695
1827	6.08667	469.058	452.368	26.705
1828	6.09000	469.588	452.539	26.707
1829	6.09333	470.133	452.736	26.741
1830	6.09667	470.723	453.007	26.761
1831	6.10000	471.321	453.262	26.753
1832	6.10333	471.876	453.489	26.775
1833	6.10667	472.471	453.815	26.792
1834	6.11000	473.091	454.122	26.788
1835	6.11333	473.704	454.392	26.813
1836	6.11667	474.381	454.726	26.838
1837	6.12000	475.016	455.098	26.852
1838	6.12333	475.663	455.399	26.852
1839	6.12667	476.322	455.770	26.844
1840	6.13000	476.976	456.202	26.864
1841	6.13333	477.621	456.574	26.908
1842	6.13667	478.294	457.045	26.911
1843	6.14000	478.919	457.479	26.941
1844	6.14333	479.557	457.957	26.964
1845	6.14667	480.174	458.470	26.967
1846	6.15000	480.764	458.907	26.982
1847	6.15333	481.357	459.463	26.999
1848	6.15667	481.896	459.928	27.037
1849	6.16000	482.480	460.486	27.078
1850	6.16333	483.007	461.040	27.136
1851	6.16667	483.493	461.660	27.202
1852	6.17000	483.945	462.303	27.302
1853	6.17333	484.404	463.049	27.445
1854	6.17667	484.790	463.831	27.598
1855	6.18000	485.218	464.728	27.749
1856	6.18333	485.529	465.607	27.845
1857	6.18667	485.910	466.564	27.981
1858	6.19000	486.258	467.555	28.033
1859	6.19333	486.581	468.528	28.062
1860	6.19667	486.923	469.596	28.103
1861	6.20000	487.190	470.664	28.113
1862	6.20333	487.437	471.699	28.166
1863	6.20667	487.671	472.935	28.162
1864	6.21000	487.902	474.039	28.182
1865	6.21333	488.085	475.235	28.190
1866	6.21667	488.302	476.453	28.167
1867	6.22000	488.471	477.658	28.180
1868	6.22333	488.644	478.832	28.112
1869	6.22667	488.855	480.085	28.043
1870	6.23000	489.121	481.298	27.968
1871	6.23333	489.350	482.435	27.888
1872	6.23667	489.582	483.742	27.793
1873	6.24000	489.867	484.934	27.678
1874	6.24333	490.124	486.212	27.579
1875	6.24667	490.343	487.525	27.568
1876	6.25000	490.614	488.770	27.606
1877	6.25333	490.945	489.932	27.621
1878	6.25667	491.294	491.190	27.626
1879	6.26000	491.692	492.420	27.635
1880	6.26333	492.071	493.579	27.648
1881	6.26667	492.455	494.842	27.672
1882	6.27000	492.846	496.043	27.714
1883	6.27333	493.229	497.278	27.677
1884	6.27667	493.535	498.443	27.693
1885	6.28000	493.839	499.754	27.737
1886	6.28333	494.124	501.043	27.744
1887	6.28667	494.328	502.249	27.778
1888	6.29000	494.525	503.450	27.758
1889	6.29333	494.739	504.752	27.767
1890	6.29667	494.942	505.984	27.778
1891	6.30000	495.068	507.125	27.813
1892	6.30333	495.142	508.358	27.867
1893	6.30667	495.119	509.672	27.902
1894	6.31000	495.108	510.857	27.957
1895	6.31333	495.068	512.142	28.008
1896	6.31667	494.979	513.415	28.053
1897	6.32000	494.951	514.624	28.110
1898	6.32333	494.953	515.855	28.133
1899	6.32667	494.923	517.155	28.202
1900	6.33000	494.898	518.342	28.178
1901	6.33333	494.916	519.507	28.251
1902	6.33667	494.882	520.751	28.223
1903	6.34000	494.931	522.057	28.204
1904	6.34333	494.992	523.453	28.168
1905	6.34667	495.538	525.429	27.851
1906	6.35000	495.580	526.729	27.877
1907	6.35333	495.605	528.044	27.881
1908	6.35667	495.626	529.364	27.911
1909	6.36000	495.636	530.669	27.900
1910	6.36333	495.704	531.942	27.930
1911	6.36667	495.735	533.129	27.939
1912	6.37000	495.778	534.490	27.954
1913	6.37333	495.819	535.786	27.933
1914	6.37667	495.875	536.965	27.961
1915	6.38000	495.899	538.324	27.987
1916	6.38333	495.897	539.625	27.985
1917	6.38667	495.947	540.826	28.011
1918	6.39000	495.950	542.107	28.048
1919	6.39333	495.947	543.349	28.058
1920	6.39667	495.952	544.513	28.066
1921	6.40000	495.977	545.815	28.090
1922	6.40333	495.932	547.033	28.055
1923	6.40667	495.887	548.192	28.088
1924	6.41000	495.837	549.447	28.115
1925	6.41333	495.760	550.667	28.091
1926	6.41667	495.660	551.814	28.121
1927	6.42000	495.575	553.084	28.138
1928	6.42333	495.436	554.261	28.133
1929	6.42667	495.323	555.518	28.149
1930	6.43000	495.139	556.700	28.169
1931	6.43333	494.952	557.885	28.213
1932	6.43667	494.796	559.137	28.169
1933	6.44000	494.595	560.384	28.175
1934	6.44333	494.389	561.604	28.219
1935	6.44667	494.151	562.842	28.216
1936	6.45000	493.968	564.048	28.248
1937	6.45333	493.698	565.337	28.244
1938	6.45667	493.482	566.677	28.231
1939	6.46000	493.140	567.828	28.268
1940	6.46333	492.900	569.102	28.305
1941	6.46667	492.629	570.369	28.283
1942	6.47000	492.406	571.507	28.322
1943	6.47333	492.184	572.844	28.336
1944	6.47667	491.923	573.991	28.355
1945	6.48000	491.678	575.132	28.378
1946	6.48333	491.494	576.350	28.360
1947	6.48667	491.259	577.419	28.363
1948	6.49000	491.079	578.602	28.382
1949	6.49333	490.897	579.650	28.389
1950	6.49667	490.750	580.749	28.419
1951	6.50000	490.562	581.842	28.421
1952	6.50333	490.427	582.776	28.434
1953	6.50667	490.287	583.861	28.450
1954	6.51000	490.156	584.795	28.461
1955	6.51333	490.022	585.754	28.462
1956	6.51667	489.893	586.752	28.437
1957	6.52000	489.738	587.658	28.457
1958	6.52333	489.665	588.528	28.487
1959	6.52667	489.568	589.416	28.484
1960	6.53000	489.511	590.236	28.491
1961	6.53333	489.415	591.075	28.515
1962	6.53667	489.365	591.914	28.516
1963	6.54000	489.245	592.752	28.547
1964	6.54333	489.136	593.606	28.554
1965	6.54667	489.078	594.469	28.552
1966	6.55000	488.998	595.275	28.564
1967	6.55333	488.895	596.112	28.575
1968	6.55667	488.811	596.893	28.574
1969	6.56000	488.751	597.720	28.578
1970	6.56333	488.689	598.419	28.591
1971	6.56667	488.674	599.131	28.601
1972	6.57000	488.664	599.878	28.622
1973	6.57333	488.624	600.460	28.610
1974	6.57667	488.670	601.127	28.608
1975	6.58000	488.734	601.719	28.622
1976	6.58333	488.779	602.208	28.625
1977	6.58667	488.874	602.712	28.595
1978	6.59000	488.978	603.174	28.593
1979	6.59333	489.083	603.543	28.613
1980	6.59667	489.198	603.880	28.630
1981	6.60000	489.344	604.190	28.623
1982	6.60333	489.485	604.440	28.648
1983	6.60667	489.625	604.698	28.657
1984	6.61000	489.755	604.921	28.677
1985	6.61333	489.887	605.107	28.689
1986	6.61667	489.984	605.269	28.698
1987	6.62000	490.041	605.407	28.695
1988	6.62333	490.105	605.528	28.696
1989	6.62667	490.152	605.609	28.702
1990	6.63000	490.185	605.689	28.699
1991	6.63333	490.219	605.732	28.697
1992	6.63667	490.244	605.758	28.698
1993	6.64000	490.242	605.761	28.694
1994	6.64333	490.241	605.764	28.693
1995	6.64667	490.239	605.766	28.688
1996	6.65000	490.235	605.768	28.698
1997	6.65333	490.240	605.770	28.696
1998	6.65667	490.230	605.746	28.700
1999	6.66000	490.209	605.740	28.697
2000	6.66333	490.141	605.698	28.699
2001	6.66667	490.064	605.657	28.698
2002	6.67000	490.021	605.601	28.702
2003	6.67333	489.976	605.478	28.683
2004	6.67667	489.984	605.266	28.684
2005	6.68000	490.027	604.982	28.685
2006	6.68333	490.125	604.613	28.680
2007	6.68667	490.234	604.227	28.659
2008	6.69000	490.376	603.798	28.656
2009	6.69333	490.514	603.322	28.646
2010	6.69667	490.671	602.904	28.641
2011	6.70000	490.840	602.500	28.640
2012	6.70333	490.966	601.942	28.654
2013	6.70667	491.106	601.441	28.655
2014	6.71000	491.239	600.955	28.631
2015	6.71333	491.374	600.450	28.618
2016	6.71667	491.444	599.844	28.623
2017	6.72000	491.534	599.357	28.595
2018	6.72333	491.624	598.881	28.607
2019	6.72667	491.639	598.317	28.639
2020	6.73000	491.670	597.737	28.633
2021	6.73333	491.677	597.210	28.610
2022	6.73667	491.680	596.721	28.607
2023	6.74000	491.616	596.118	28.606
2024	6.74333	491.570	595.519	28.573
2025	6.74667	491.540	594.992	28.556
2026	6.75000	491.441	594.407	28.581
2027	6.75333	491.348	593.834	28.549
2028	6.75667	491.240	593.255	28.545
2029	6.76000	491.130	592.648	28.547
2030	6.76333	491.029	592.095	28.500
2031	6.76667	490.891	591.430	28.500
2032	6.77000	490.776	590.799	28.505
2033	6.77333	490.661	590.164	28.522
2034	6.77667	490.499	589.547	28.506
2035	6.78000	490.327	588.855	28.528
2036	6.78333	490.158	588.222	28.514
2037	6.78667	489.979	587.543	28.472
2038	6.79000	489.798	586.833	28.452
2039	6.79333	489.551	586.178	28.420
2040	6.79667	489.295	585.486	28.437
2041	6.80000	489.030	584.841	28.426
2042	6.80333	488.701	584.100	28.420
2043	6.80667	488.322	583.360	28.416
2044	6.81000	487.953	582.713	28.394
2045	6.81333	487.481	581.937	28.384
2046	6.81667	486.985	581.206	28.348
2047	6.82000	486.434	580.513	28.368
2048	6.82333	485.863	579.779	28.345
2049	6.82667	485.258	579.075	28.359
2050	6.83000	484.565	578.267	28.329
2051	6.83333	483.871	577.577	28.294
2052	6.83667	483.114	576.730	28.276
2053	6.84000	482.327	576.018	28.274
2054	6.84333	481.467	575.176	28.245
2055	6.84667	480.606	574.413	28.228
2056	6.85000	479.681	573.509	28.195
2057	6.85333	478.649	572.659	28.159
2058	6.85667	477.709	571.812	28.154
2059	6.86000	476.638	570.881	28.149
2060	6.86333	475.572	570.006	28.111
2061	6.86667	474.498	569.126	28.055
2062	6.87000	473.285	568.176	28.031
2063	6.87333	472.115	567.221	27.999
2064	6.87667	470.898	566.351	28.022
2065	6.88000	469.631	565.414	27.950
2066	6.88333	468.314	564.519	27.961
2067	6.88667	466.457	563.444	28.410
2068	6.89000	465.078	562.575	28.380
2069	6.89333	463.707	561.772	28.316
2070	6.89667	462.372	561.130	28.247
2071	6.90000	461.035	560.593	28.081
2072	6.90333	459.701	560.071	27.955
2073	6.90667	458.261	559.559	27.834
2074	6.91000	456.839	559.041	27.776
2075	6.91333	455.304	558.422	27.760
2076	6.91667	453.718	557.930	27.698
2077	6.92000	452.055	557.388	27.630
2078	6.92333	450.368	556.923	27.627
2079	6.92667	448.625	556.540	27.594
2080	6.93000	446.808	556.105	27.586
2081	6.93333	444.844	555.788	27.546
2082	6.93667	442.903	555.389	27.537
2083	6.94000	440.901	555.155	27.500
2084	6.94333	438.853	554.957	27.468
2085	6.94667	436.678	554.797	27.425
2086	6.95000	434.525	554.636	27.403
2087	6.95333	432.288	554.630	27.366
2088	6.95667	429.971	554.571	27.346
2089	6.96000	427.619	554.703	27.324
2090	6.96333	425.195	554.743	27.309
2091	6.96667	422.777	554.922	27.277
2092	6.97000	420.275	555.158	27.257
2093	6.97333	417.778	555.402	27.227
2094	6.97667	415.143	555.720	27.216
2095	6.98000	412.511	556.161	27.185
2096	6.98333	409.898	556.686	27.143
2097	6.98667	407.263	557.136	27.159
2098	6.99000	404.643	557.733	27.124
2099	6.99333	401.963	558.432	27.100
2100	6.99667	399.263	559.147	27.057
2101	7.00000	396.606	559.923	27.046
2102	7.00333	393.994	560.787	27.040
2103	7.00667	391.389	561.708	27.032
2104	7.01000	388.809	562.681	26.986
2105	7.01333	386.245	563.693	26.982
2106	7.01667	383.784	564.722	26.963
2107	7.02000	381.353	565.806	26.963
2108	7.02333	379.015	566.948	26.940
2109	7.02667	376.716	568.207	26.946
2110	7.03000	374.432	569.461	26.891
2111	7.03333	372.172	570.742	26.922
2112	7.03667	369.992	572.106	26.925
2113	7.04000	367.853	573.484	26.888
2114	7.04333	365.747	574.927	26.874
2115	7.04667	363.691	576.447	26.877
2116	7.05000	361.735	577.967	26.875
2117	7.05333	359.792	579.507	26.881
2118	7.05667	357.893	581.168	26.877
2119	7.06000	356.085	582.890	26.821
2120	7.06333	354.341	584.482	26.913
2121	7.06667	352.655	586.250	26.833
2122	7.07000	351.043	588.004	26.865
2123	7.07333	349.497	589.769	26.882
2124	7.07667	348.018	591.595	26.882
2125	7.08000	346.566	593.421	26.875
2126	7.08333	345.256	595.321	26.906
2127	7.08667	343.945	597.240	26.894
2128	7.09000	342.751	599.170	26.918
2129	7.09333	341.620	601.188	26.906
2130	7.09667	340.563	603.162	26.947
2131	7.10000	339.636	605.242	26.966
2132	7.10333	338.738	607.346	26.931
2133	7.10667	337.963	609.450	26.971
2134	7.11000	337.243	611.571	26.968
2135	7.11333	336.664	613.648	27.001
2136	7.11667	336.180	615.807	26.990
2137	7.12000	335.739	617.979	27.041
2138	7.12333	335.444	620.092	27.057
2139	7.12667	335.249	622.182	27.099
2140	7.13000	335.113	624.225	27.119
2141	7.13333	335.080	626.244	27.191
2142	7.13667	335.175	628.205	27.226
2143	7.14000	335.339	630.224	27.268
2144	7.14333	335.594	632.276	27.282
2145	7.14667	335.922	634.298	27.323
2146	7.15000	336.366	636.323	27.384
2147	7.15333	336.857	638.307	27.418
2148	7.15667	337.495	640.307	27.460
2149	7.16000	338.209	642.309	27.487
2150	7.16333	339.025	644.272	27.496
2151	7.16667	339.876	646.241	27.513
2152	7.17000	340.778	648.123	27.592
2153	7.17333	341.771	649.980	27.593
2154	7.17667	342.877	651.794	27.592
2155	7.18000	344.032	653.605	27.639
2156	7.18333	345.248	655.314	27.698
2157	7.18667	346.507	656.995	27.676
2158	7.19000	347.847	658.629	27.768
2159	7.19333	349.272	660.160	27.774
2160	7.19667	350.733	661.675	27.829
2161	7.20000	352.318	663.105	27.856
2162	7.20333	353.923	664.497	27.879
2163	7.20667	355.645	665.771	27.935
2164	7.21000	357.337	667.016	27.962
2165	7.21333	359.171	668.130	27.955
2166	7.21667	360.994	669.175	28.045
2167	7.22000	362.901	670.155	28.039
2168	7.22333	364.871	670.977	28.096
2169	7.22667	366.866	671.738	28.132
2170	7.23000	368.895	672.385	28.146
2171	7.23333	370.977	673.031	28.152
2172	7.23667	373.056	673.542	28.207
2173	7.24000	375.239	674.006	28.234
2174	7.24333	377.412	674.267	28.247
2175	7.24667	379.651	674.531	28.289
2176	7.25000	381.848	674.671	28.335
2177	7.25333	384.048	674.813	28.339
2178	7.25667	386.329	674.815	28.391
2179	7.26000	388.502	674.749	28.385
2180	7.26333	390.751	674.579	28.392
2181	7.26667	393.014	674.361	28.439
2182	7.27000	395.263	674.071	28.487
2183	7.27333	397.507	673.670	28.482
2184	7.27667	399.807	673.205	28.502
2185	7.28000	402.099	672.635	28.522
2186	7.28333	404.360	671.997	28.541
2187	7.28667	406.636	671.299	28.587
2188	7.29000	408.895	670.556	28.593
2189	7.29333	411.173	669.715	28.595
2190	7.29667	413.451	668.761	28.636
2191	7.30000	415.698	667.763	28.610
2192	7.30333	417.970	666.703	28.648
2193	7.30667	420.218	665.611	28.656
2194	7.31000	422.413	664.528	28.662
2195	7.31333	424.640	663.316	28.702
2196	7.31667	426.828	662.046	28.702
2197	7.32000	429.031	660.735	28.700
2198	7.32333	431.233	659.406	28.685
2199	7.32667	433.372	657.961	28.718
2200	7.33000	435.521	656.520	28.729
2201	7.33333	437.620	654.943	28.749
2202	7.33667	439.684	653.421	28.797
2203	7.34000	441.756	651.795	28.780
2204	7.34333	443.808	650.100	28.788
2205	7.34667	445.801	648.368	28.798
2206	7.35000	447.760	646.520	28.888
2207	7.35333	449.666	644.655	28.940
2208	7.35667	451.565	642.735	28.966
2209	7.36000	453.433	640.687	28.975
2210	7.36333	455.290	638.746	28.995
2211	7.36667	457.108	636.669	29.024
2212	7.37000	458.864	634.680	29.034
2213	7.37333	460.580	632.558	29.062
2214	7.37667	462.208	630.538	29.063
2215	7.38000	463.850	628.570	29.080
2216	7.38333	465.454	626.523	29.160
2217	7.38667	467.022	624.579	29.144
2218	7.39000	468.505	622.476	29.158
2219	7.39333	469.880	620.430	29.165
2220	7.39667	471.233	618.337	29.129
2221	7.40000	472.936	616.240	28.575
2222	7.40333	474.138	614.080	28.588
2223	7.40667	475.276	611.994	28.587
2224	7.41000	476.326	609.907	28.553
2225	7.41333	477.314	607.783	28.554
2226	7.41667	478.264	605.659	28.513
2227	7.42000	479.074	603.510	28.516
2228	7.42333	479.826	601.402	28.489
2229	7.42667	480.543	599.243	28.493
2230	7.43000	481.188	597.048	28.469
2231	7.43333	481.772	594.957	28.464
2232	7.43667	482.296	592.869	28.413
2233	7.44000	482.745	590.727	28.422
2234	7.44333	483.132	588.619	28.392
2235	7.44667	483.443	586.417	28.386
2236	7.45000	483.702	584.243	28.356
2237	7.45333	483.861	582.036	28.335
2238	7.45667	483.975	579.861	28.333
2239	7.46000	483.991	577.736	28.289
2240	7.46333	483.989	575.555	28.298
2241	7.46667	483.881	573.424	28.246
2242	7.47000	483.654	571.241	28.255
2243	7.47333	483.403	569.099	28.169
2244	7.47667	483.042	566.985	28.166
2245	7.48000	482.632	564.949	28.122
2246	7.48333	482.141	562.905	28.109
2247	7.48667	481.541	560.864	28.039
2248	7.49000	480.853	558.903	28.028
2249	7.49333	480.111	556.969	28.002
2250	7.49667	478.679	554.363	28.343
2251	7.50000	477.899	552.738	28.290
2252	7.50333	477.114	551.218	28.138
2253	7.50667	476.319	549.744	28.008
2254	7.51000	475.379	548.381	27.870
2255	7.51333	474.237	546.817	27.833
2256	7.51667	473.013	545.327	27.831
2257	7.52000	471.779	543.857	27.755
2258	7.52333	470.419	542.419	27.760
2259	7.52667	468.966	541.049	27.693
2260	7.53000	467.517	539.677	27.671
2261	7.53333	465.941	538.438	27.646
2262	7.53667	464.387	537.186	27.630
2263	7.54000	462.791	536.041	27.630
2264	7.54333	461.135	534.984	27.643
2265	7.54667	459.368	533.888	27.552
2266	7.55000	457.540	532.896	27.536
2267	7.55333	455.699	531.843	27.486
2268	7.55667	453.854	530.880	27.437
2269	7.56000	452.071	529.956	27.434
2270	7.56333	450.201	529.078	27.383
2271	7.56667	448.249	528.303	27.317
2272	7.57000	446.198	527.561	27.323
2273	7.57333	444.057	526.839	27.282
2274	7.57667	441.882	526.133	27.253
2275	7.58000	439.718	525.495	27.216
2276	7.58333	437.538	524.911	27.156
2277	7.58667	435.336	524.335	27.125
2278	7.59000	433.074	523.896	27.085
2279	7.59333	430.820	523.422	27.086
2280	7.59667	428.516	523.008	27.057
2281	7.60000	426.101	522.626	27.020
2282	7.60333	423.655	522.355	26.976
2283	7.60667	421.183	522.160	26.946
2284	7.61000	418.675	521.957	26.926
2285	7.61333	416.137	521.844	26.886
2286	7.61667	413.593	521.746	26.873
2287	7.62000	410.957	521.715	26.860
2288	7.62333	408.388	521.779	26.822
2289	7.62667	405.748	521.817	26.806
2290	7.63000	403.089	522.009	26.788
2291	7.63333	400.392	522.196	26.777
2292	7.63667	397.753	522.526	26.751
2293	7.64000	395.046	522.831	26.728
2294	7.64333	392.404	523.285	26.720
2295	7.64667	389.730	523.777	26.710
2296	7.65000	387.066	524.311	26.710
2297	7.65333	384.415	524.965	26.690
2298	7.65667	381.799	525.684	26.684
2299	7.66000	379.189	526.411	26.672
2300	7.66333	376.554	527.193	26.686
2301	7.66667	373.969	528.079	26.694
2302	7.67000	371.420	528.998	26.659
2303	7.67333	368.884	529.986	26.680
2304	7.67667	366.371	531.009	26.662
2305	7.68000	363.882	532.073	26.678
2306	7.68333	361.455	533.216	26.656
2307	7.68667	359.061	534.442	26.594
2308	7.69000	356.690	535.701	26.597
2309	7.69333	354.323	536.890	26.623
2310	7.69667	352.056	538.204	26.661
2311	7.70000	349.837	539.559	26.662
2312	7.70333	347.662	540.885	26.655
2313	7.70667	345.657	542.369	26.748
2314	7.71000	343.701	543.812	26.752
2315	7.71333	341.638	545.206	26.626
2316	7.71667	339.658	546.692	26.669
2317	7.72000	337.717	548.320	26.591
2318	7.72333	335.863	549.900	26.556
2319	7.72667	334.011	551.520	26.614
2320	7.73000	332.182	553.272	26.598
2321	7.73333	330.415	555.033	26.605
2322	7.73667	328.699	556.850	26.589
2323	7.74000	326.970	558.829	26.603
2324	7.74333	325.392	560.704	26.609
2325	7.74667	323.723	562.783	26.635
2326	7.75000	322.153	564.826	26.640
2327	7.75333	320.660	566.955	26.637
2328	7.75667	319.171	569.092	26.667
2329	7.76000	317.832	571.286	26.619
2330	7.76333	316.489	573.488	26.686
2331	7.76667	315.288	575.683	26.706
2332	7.77000	314.111	577.974	26.716
2333	7.77333	313.055	580.170	26.700
2334	7.77667	311.985	582.461	26.742
2335	7.78000	311.042	584.667	26.728
2336	7.78333	310.149	586.944	26.752
2337	7.78667	309.321	589.181	26.758
2338	7.79000	308.617	591.356	26.799
2339	7.79333	307.944	593.586	26.820
2340	7.79667	307.313	595.730	26.847
2341	7.80000	306.750	597.898	26.843
2342	7.80333	306.324	599.980	26.860
2343	7.80667	305.932	602.059	26.894
2344	7.81000	305.615	604.093	26.908
2345	7.81333	305.375	606.128	26.900
2346	7.81667	305.258	608.094	26.947
2347	7.82000	305.121	610.056	26.925
2348	7.82333	305.131	611.962	26.940
2349	7.82667	305.219	613.778	26.975
2350	7.83000	305.322	615.582	27.026
2351	7.83333	305.474	617.376	27.051
2352	7.83667	305.672	619.146	27.094
2353	7.84000	305.898	620.912	27.093
2354	7.84333	306.211	622.571	27.082
2355	7.84667	306.530	624.224	27.186
2356	7.85000	306.861	625.867	27.220
2357	7.85333	307.250	627.445	27.267
2358	7.85667	307.637	628.991	27.281
2359	7.86000	308.049	630.539	27.336
2360	7.86333	308.452	632.012	27.389
2361	7.86667	308.895	633.520	27.438
2362	7.87000	309.327	635.025	27.433
2363	7.87333	309.804	636.494	27.490
2364	7.87667	310.260	637.896	27.537
2365	7.88000	310.717	639.303	27.566
2366	7.88333	311.213	640.623	27.579
2367	7.88667	311.672	641.963	27.659
2368	7.89000	312.194	643.170	27.725
2369	7.89333	312.694	644.410	27.758
2370	7.89667	313.250	645.529	27.794
2371	7.90000	313.769	646.678	27.859
2372	7.90333	314.315	647.708	27.867
2373	7.90667	314.865	648.766	27.883
2374	7.91000	315.384	649.779	27.903
2375	7.91333	315.925	650.768	27.977
2376	7.91667	316.447	651.614	28.030
2377	7.92000	316.975	652.584	28.058
2378	7.92333	317.491	653.397	28.053
2379	7.92667	318.065	654.186	28.110
2380	7.93000	318.570	655.003	28.165
2381	7.93333	319.081	655.718	28.206
2382	7.93667	319.566	656.397	28.238
2383	7.94000	320.069	657.085	28.250
2384	7.94333	320.537	657.668	28.317
2385	7.94667	321.000	658.284	28.348
2386	7.95000	321.406	658.867	28.343
2387	7.95333	321.840	659.396	28.355
2388	7.95667	322.247	659.910	28.367
2389	7.96000	322.620	660.358	28.402
2390	7.96333	322.992	660.794	28.451
2391	7.96667	323.341	661.233	28.495
2392	7.97000	323.650	661.625	28.523
2393	7.97333	323.937	661.994	28.542
2394	7.97667	324.229	662.359	28.548
2395	7.98000	324.458	662.630	28.558
2396	7.98333	324.663	662.935	28.575
2397	7.98667	324.874	663.229	28.595
2398	7.99000	325.046	663.495	28.598
2399	7.99333	325.201	663.733	28.607
2400	7.99667	325.313	663.956	28.618
2401	8.00000	325.422	664.150	28.624
2402	8.00333	325.497	664.342	28.638
2403	8.00667	325.559	664.528	28.640
2404	8.01000	325.610	664.689	28.638
2405	8.01333	325.653	664.839	28.631
2406	8.01667	325.699	664.944	28.637
2407	8.02000	325.728	665.034	28.618
2408	8.02333	325.779	665.090	28.610
2409	8.02667	325.814	665.141	28.605
2410	8.03000	325.871	665.176	28.590
2411	8.03333	325.920	665.178	28.585
2412	8.03667	325.986	665.197	28.584
2413	8.04000	326.035	665.188	28.561
2414	8.04333	326.085	665.177	28.556
2415	8.04667	326.132	665.172	28.545
2416	8.05000	326.144	665.147	28.533
2417	8.05333	326.138	665.135	28.523
2418	8.05667	326.131	665.120	28.500
2419	8.06000	326.117	665.096	28.481
2420	8.06333	326.096	665.080	28.435
2421	8.06667	326.069	665.063	28.398
2422	8.07000	326.035	665.033	28.360
2423	8.07333	325.998	664.979	28.311
2424	8.07667	325.958	664.962	28.265
2425	8.08000	325.912	664.934	28.213
2426	8.08333	325.879	664.930	28.157
2427	8.08667	325.850	664.945	28.134
2428	8.09000	325.827	664.949	28.101
2429	8.09333	325.808	664.959	28.089
2430	8.09667	325.799	664.972	28.085
2431	8.10000	325.793	665.010	28.075
2432	8.10333	325.779	665.039	28.064
2433	8.10667	325.770	665.063	28.072
2434	8.11000	325.762	665.081	28.060
2435	8.11333	325.759	665.112	28.061
2436	8.11667	325.750	665.146	28.052
2437	8.12000	325.743	665.182	28.065
2438	8.12333	325.754	665.212	28.066
2439	8.12667	325.753	665.243	28.080
2440	8.13000	325.758	665.301	28.084
2441	8.13333	325.698	665.402	28.038
2442	8.13667	325.639	665.514	27.998
2443	8.14000	325.608	665.670	27.992
2444	8.14333	325.597	665.913	27.967
2445	8.14667	325.581	666.166	27.964
2446	8.15000	325.579	666.503	27.964
2447	8.15333	325.573	666.852	27.958
2448	8.15667	325.572	667.206	27.959
2449	8.16000	325.595	667.548	27.958
2450	8.16333	325.640	667.939	27.984
2451	8.16667	325.675	668.340	27.994
2452	8.17000	325.675	668.785	27.996
2453	8.17333	325.698	669.224	27.998
2454	8.17667	325.712	669.658	28.004
2455	8.18000	325.752	670.211	28.001
2456	8.18333	325.765	670.745	28.015
2457	8.18667	325.791	671.278	28.030
2458	8.19000	325.797	671.928	28.024
2459	8.19333	325.812	672.526	28.010
2460	8.19667	325.792	673.186	27.996
2461	8.20000	325.797	673.907	27.990
2462	8.20333	325.800	674.560	27.983
2463	8.20667	325.759	675.316	27.990
2464	8.21000	325.763	676.040	28.024
2465	8.21333	325.736	676.826	28.011
2466	8.21667	325.711	677.607	28.036
2467	8.22000	325.691	678.357	28.033
2468	8.22333	325.659	679.251	28.022
2469	8.22667	325.653	680.013	28.037
2470	8.23000	325.633	680.911	28.031
2471	8.23333	325.622	681.750	28.042
2472	8.23667	325.664	682.588	28.070
2473	8.24000	325.640	683.541	28.041
2474	8.24333	325.651	684.391	28.084
2475	8.24667	325.651	685.414	28.103
2476	8.25000	325.645	686.327	28.096
2477	8.25333	325.658	687.356	28.079
2478	8.25667	325.648	688.336	28.091
2479	8.26000	325.692	689.391	28.089
2480	8.26333	325.669	690.444	28.094
2481	8.26667	325.685	691.533	28.094
2482	8.27000	325.698	692.591	28.091
2483	8.27333	325.684	693.821	28.093
2484	8.27667	325.683	694.954	28.091
2485	8.28000	325.710	696.179	28.071
2486	8.28333	325.701	697.421	28.060
2487	8.28667	325.736	698.652	28.096
2488	8.29000	325.739	699.936	28.131
2489	8.29333	325.719	701.199	28.141
2490	8.29667	325.708	702.499	28.133
2491	8.30000	325.712	703.800	28.131
2492	8.30333	325.719	705.178	28.126
2493	8.30667	325.733	706.485	28.131
2494	8.31000	325.700	707.842	28.161
2495	8.31333	325.698	709.224	28.193
2496	8.31667	325.674	710.610	28.206
2497	8.32000	325.638	712.084	28.225
2498	8.32333	325.609	713.526	28.263
2499	8.32667	325.586	714.899	28.281
2500	8.33000	325.538	716.360	28.310
2501	8.33333	325.533	717.821	28.319
2502	8.33667	325.516	719.316	28.337
2503	8.34000	325.488	720.802	28.326
2504	8.34333	325.443	722.329	28.356
2505	8.34667	325.405	723.856	28.354
2506	8.35000	325.401	725.398	28.375
2507	8.35333	325.445	726.954	28.367
2508	8.35667	325.420	728.594	28.392
2509	8.36000	325.401	730.235	28.400
2510	8.36333	325.417	731.883	28.467
2511	8.36667	325.499	733.544	28.490
2512	8.37000	325.540	735.254	28.510
2513	8.37333	325.575	736.946	28.492
2514	8.37667	325.598	738.668	28.514
2515	8.38000	325.654	740.394	28.542
2516	8.38333	325.739	742.108	28.585
2517	8.38667	325.816	743.845	28.634
2518	8.39000	325.903	745.644	28.639
2519	8.39333	326.004	747.399	28.639
2520	8.39667	326.101	749.188	28.674
2521	8.40000	326.183	750.990	28.688
2522	8.40333	326.315	752.807	28.702
2523	8.40667	326.464	754.582	28.747
2524	8.41000	326.618	756.410	28.757
2525	8.41333	326.814	758.276	28.749
2526	8.41667	327.016	760.107	28.794
2527	8.42000	327.217	761.953	28.801
2528	8.42333	327.423	763.834	28.841
2529	8.42667	327.643	765.686	28.867
2530	8.43000	327.885	767.542	28.873
2531	8.43333	328.116	769.380	28.881
2532	8.43667	328.385	771.221	28.913
2533	8.44000	328.691	773.056	28.968
2534	8.44333	328.985	774.908	28.987
2535	8.44667	329.318	776.793	29.010
2536	8.45000	329.631	778.665	28.995
2537	8.45333	329.983	780.541	29.025
2538	8.45667	330.368	782.454	29.072
2539	8.46000	330.762	784.417	29.077
2540	8.46333	331.120	786.343	29.116
2541	8.46667	331.546	788.312	29.156
2542	8.47000	331.987	790.305	29.177
2543	8.47333	332.445	792.315	29.230
2544	8.47667	332.891	794.334	29.245
2545	8.48000	333.424	796.417	29.290
2546	8.48333	333.974	798.435	29.301
2547	8.48667	334.524	800.487	29.289
2548	8.49000	335.181	802.514	29.330
2549	8.49333	335.815	804.547	29.396
2550	8.49667	336.442	806.573	29.401
2551	8.50000	337.071	808.508	29.464
2552	8.50333	337.680	810.187	29.463
2553	8.50667	338.330	811.914	29.411
2554	8.51000	339.407	814.720	29.587
2555	8.51333	340.263	816.778	29.569
2556	8.51667	341.087	818.776	29.623
2557	8.52000	342.006	820.781	29.670
2558	8.52333	342.854	822.748	29.686
2559	8.52667	343.824	824.742	29.731
2560	8.53000	344.766	826.607	29.826
2561	8.53333	345.768	828.496	29.836
2562	8.53667	346.791	830.333	29.902
2563	8.54000	347.876	832.086	29.925
2564	8.54333	348.992	833.832	30.046
2565	8.54667	350.148	835.457	30.040
2566	8.55000	351.328	837.050	30.068
2567	8.55333	352.590	838.553	30.134
2568	8.55667	353.869	839.919	30.198
2569	8.56000	355.116	841.244	30.247
2570	8.56333	356.507	842.578	30.235
2571	8.56667	357.869	843.759	30.293
2572	8.57000	359.315	844.867	30.309
2573	8.57333	360.699	845.926	30.353
2574	8.57667	362.135	846.927	30.425
2575	8.58000	363.631	847.798	30.428
2576	8.58333	365.156	848.684	30.461
2577	8.58667	366.688	849.453	30.513
2578	8.59000	368.259	850.188	30.519
2579	8.59333	369.834	850.830	30.538
2580	8.59667	371.456	851.447	30.597
2581	8.60000	373.070	852.010	30.609
2582	8.60333	374.729	852.533	30.660
2583	8.60667	376.401	852.998	30.649
2584	8.61000	378.128	853.422	30.718
2585	8.61333	379.799	853.781	30.732
2586	8.61667	381.526	854.097	30.780
2587	8.62000	383.199	854.342	30.802
2588	8.62333	384.879	854.550	30.884
2589	8.62667	386.584	854.685	30.886
2590	8.63000	388.294	854.698	30.918
2591	8.63333	389.934	854.606	30.959
2592	8.63667	391.626	854.577	30.941
2593	8.64000	393.269	854.407	30.995
2594	8.64333	394.894	854.147	31.031
2595	8.64667	396.555	853.825	31.035
2596	8.65000	398.203	853.454	31.039
2597	8.65333	399.803	853.010	31.072
2598	8.65667	401.468	852.480	31.079
2599	8.66000	403.034	851.887	31.082
2600	8.66333	404.623	851.211	31.136
2601	8.66667	406.189	850.453	31.132
2602	8.67000	407.772	849.657	31.126
2603	8.67333	409.371	848.860	31.133
2604	8.67667	410.898	847.996	31.145
2605	8.68000	412.512	846.982	31.155
2606	8.68333	414.035	846.032	31.147
2607	8.68667	415.560	844.985	31.134
2608	8.69000	417.045	843.892	31.165
2609	8.69333	418.523	842.764	31.156
2610	8.69667	420.020	841.559	31.175
2611	8.70000	421.452	840.362	31.206
2612	8.70333	422.901	839.068	31.169
2613	8.70667	424.300	837.742	31.185
2614	8.71000	425.697	836.371	31.143
2615	8.71333	427.024	835.025	31.152
2616	8.71667	428.336	833.596	31.181
2617	8.72000	429.675	832.080	31.157
2618	8.72333	430.870	830.579	31.136
2619	8.72667	432.117	829.057	31.126
2620	8.73000	433.343	827.434	31.118
2621	8.73333	434.550	825.810	31.110
2622	8.73667	435.777	824.071	31.076
2623	8.74000	436.895	822.252	31.054
2624	8.74333	438.039	820.456	31.048
2625	8.74667	439.183	818.586	30.993
2626	8.75000	440.256	816.647	30.999
2627	8.75333	441.297	814.659	30.975
2628	8.75667	442.385	812.675	30.937
2629	8.76000	443.405	810.568	30.898
2630	8.76333	444.385	808.425	30.896
2631	8.76667	445.331	806.260	30.875
2632	8.77000	446.236	804.129	30.807
2633	8.77333	447.045	801.940	30.839
2634	8.77667	447.823	799.781	30.752
2635	8.78000	448.562	797.597	30.716
2636	8.78333	449.276	795.391	30.717
2637	8.78667	449.923	793.163	30.673
2638	8.79000	450.504	790.967	30.643
2639	8.79333	451.073	788.713	30.586
2640	8.79667	451.539	786.500	30.592
2641	8.80000	451.914	784.252	30.512
2642	8.80333	452.262	782.034	30.514
2643	8.80667	452.539	779.826	30.455
2644	8.81000	452.757	777.537	30.452
2645	8.81333	452.962	775.318	30.425
2646	8.81667	453.054	773.121	30.387
2647	8.82000	453.097	770.906	30.395
2648	8.82333	453.030	768.632	30.335
2649	8.82667	452.945	766.425	30.332
2650	8.83000	452.813	764.213	30.249
2651	8.83333	452.592	762.049	30.229
2652	8.83667	452.325	759.806	30.225
2653	8.84000	452.023	757.692	30.177
2654	8.84333	451.640	755.478	30.171
2655	8.84667	451.214	753.274	30.118
2656	8.85000	450.788	751.191	30.111
2657	8.85333	450.266	749.018	30.056
2658	8.85667	449.683	746.863	30.034
2659	8.86000	449.088	744.786	29.986
2660	8.86333	448.451	742.739	29.976
2661	8.86667	447.721	740.637	29.948
2662	8.87000	446.990	738.563	29.903
2663	8.87333	446.218	736.568	29.871
2664	8.87667	445.380	734.608	29.832
2665	8.88000	444.445	732.586	29.805
2666	8.88333	442.997	729.995	29.971
2667	8.88667	442.155	728.373	29.894
2668	8.89000	441.279	726.825	29.789
2669	8.89333	440.379	725.380	29.645
2670	8.89667	439.210	723.748	29.633
2671	8.90000	437.993	722.133	29.567
2672	8.90333	436.719	720.625	29.525
2673	8.90667	435.324	719.106	29.470
2674	8.91000	433.944	717.677	29.453
2675	8.91333	432.469	716.331	29.361
2676	8.91667	430.963	715.052	29.382
2677	8.92000	429.375	713.826	29.311
2678	8.92333	427.741	712.723	29.331
2679	8.92667	426.065	711.687	29.258
2680	8.93000	424.353	710.733	29.243
2681	8.93333	422.592	709.947	29.213
2682	8.93667	420.777	709.154	29.162
2683	8.94000	418.876	708.400	29.156
2684	8.94333	416.953	707.750	29.084
2685	8.94667	415.015	707.196	29.040
2686	8.95000	413.010	706.745	29.058
2687	8.95333	410.959	706.280	28.976
2688	8.95667	408.939	705.961	28.953
2689	8.96000	406.797	705.616	28.957
2690	8.96333	404.649	705.447	28.916
2691	8.96667	402.504	705.275	28.915
2692	8.97000	400.372	705.196	28.881
2693	8.97333	398.128	705.208	28.842
2694	8.97667	395.939	705.302	28.844
2695	8.98000	393.596	705.358	28.891
2696	8.98333	391.330	705.582	28.816
2697	8.98667	389.107	705.921	28.802
2698	8.99000	386.805	706.304	28.776
2699	8.99333	384.496	706.755	28.779
2700	8.99667	382.188	707.285	28.787
2701	9.00000	379.917	707.888	28.762
2702	9.00333	377.587	708.566	28.716
2703	9.00667	375.311	709.345	28.729
2704	9.01000	373.008	710.167	28.729
2705	9.01333	370.720	711.095	28.722
2706	9.01667	368.420	712.069	28.723
2707	9.02000	366.109	713.169	28.698
2708	9.02333	363.833	714.250	28.669
2709	9.02667	361.592	715.402	28.698
2710	9.03000	359.322	716.644	28.673
2711	9.03333	357.086	717.921	28.728
2712	9.03667	354.861	719.241	28.705
2713	9.04000	352.665	720.571	28.689
2714	9.04333	350.526	721.968	28.721
2715	9.04667	348.370	723.477	28.684
2716	9.05000	346.280	724.875	28.724
2717	9.05333	344.253	726.383	28.739
2718	9.05667	342.256	727.942	28.780
2719	9.06000	340.258	729.510	28.709
2720	9.06333	338.352	731.104	28.752
2721	9.06667	336.433	732.706	28.764
2722	9.07000	334.656	734.400	28.763
2723	9.07333	332.832	736.047	28.807
2724	9.07667	331.060	737.769	28.814
2725	9.08000	329.315	739.541	28.781
2726	9.08333	327.649	741.310	28.797
2727	9.08667	325.999	743.119	28.845
2728	9.09000	324.407	744.997	28.785
2729	9.09333	322.786	746.909	28.823
2730	9.09667	321.277	748.877	28.834
2731	9.10000	319.770	750.888	28.821
2732	9.10333	318.331	752.873	28.838
2733	9.10667	316.872	754.966	28.833
2734	9.11000	315.477	757.101	28.870
2735	9.11333	314.215	759.203	28.843
2736	9.11667	312.909	761.407	28.903
2737	9.12000	311.633	763.600	28.921
2738	9.12333	310.478	765.775	28.935
2739	9.12667	309.302	768.081	28.952
2740	9.13000	308.246	770.278	28.982
2741	9.13333	307.260	772.547	29.040
2742	9.13667	306.371	774.863	29.034
2743	9.14000	305.589	777.155	29.115
2744	9.14333	304.784	779.455	29.138
2745	9.14667	304.082	781.732	29.136
2746	9.15000	303.460	784.063	29.216
2747	9.15333	302.911	786.268	29.263
2748	9.15667	302.322	788.644	29.221
2749	9.16000	301.866	790.879	29.285
2750	9.16333	301.429	793.171	29.288
2751	9.16667	301.073	795.349	29.367
2752	9.17000	300.717	797.674	29.313
2753	9.17333	300.473	799.912	29.363
2754	9.17667	300.302	802.129	29.395
2755	9.18000	300.179	804.322	29.410
2756	9.18333	300.123	806.474	29.441
2757	9.18667	300.105	808.622	29.459
2758	9.19000	300.089	810.711	29.506
2759	9.19333	300.142	812.827	29.466
2760	9.19667	300.254	814.820	29.564
2761	9.20000	300.359	816.842	29.599
2762	9.20333	300.496	818.766	29.595
2763	9.20667	300.694	820.537	29.615
2764	9.21000	300.899	822.386	29.634
2765	9.21333	301.148	824.234	29.641
2766	9.21667	301.433	826.035	29.713
2767	9.22000	301.734	827.813	29.744
2768	9.22333	302.054	829.472	29.736
2769	9.22667	302.357	831.217	29.774
2770	9.23000	302.678	832.905	29.854
2771	9.23333	303.023	834.544	29.876
2772	9.23667	303.410	836.169	29.856
2773	9.24000	303.755	837.847	29.916
2774	9.24333	304.146	839.504	29.990
2775	9.24667	304.525	841.045	30.044
2776	9.25000	304.862	842.476	30.082
2777	9.25333	305.203	843.856	30.090
2778	9.25667	305.543	845.100	30.142
2779	9.26000	305.949	846.510	30.230
2780	9.26333	306.586	848.532	30.348
2781	9.26667	307.102	850.107	30.333
2782	9.27000	307.655	851.436	30.332
2783	9.27333	308.158	852.865	30.353
2784	9.27667	308.624	854.261	30.407
2785	9.28000	309.146	855.617	30.388
2786	9.28333	309.643	856.892	30.443
2787	9.28667	310.116	858.119	30.467
2788	9.29000	310.581	859.218	30.471
2789	9.29333	310.990	860.402	30.541
2790	9.29667	311.483	861.525	30.592
2791	9.30000	311.987	862.623	30.635
2792	9.30333	312.398	863.591	30.639
2793	9.30667	312.864	864.586	30.631
2794	9.31000	313.239	865.593	30.720
2795	9.31333	313.676	866.461	30.817
2796	9.31667	314.125	867.366	30.825
2797	9.32000	314.510	868.237	30.895
2798	9.32333	314.854	868.959	30.894
2799	9.32667	315.221	869.822	30.922
2800	9.33000	315.584	870.518	30.961
2801	9.33333	315.974	871.281	31.004
2802	9.33667	316.286	872.014	31.091
2803	9.34000	316.590	872.678	31.153
2804	9.34333	316.866	873.424	31.167
2805	9.34667	317.155	873.971	31.158
2806	9.35000	317.411	874.620	31.173
2807	9.35333	317.652	875.198	31.227
2808	9.35667	317.900	875.729	31.262
2809	9.36000	318.183	876.204	31.282
2810	9.36333	318.357	876.710	31.314
2811	9.36667	318.507	877.222	31.384
2812	9.37000	318.669	877.602	31.419
2813	9.37333	318.752	878.028	31.464
2814	9.37667	318.837	878.408	31.492
2815	9.38000	318.926	878.748	31.493
2816	9.38333	318.997	879.061	31.528
2817	9.38667	319.027	879.312	31.550
2818	9.39000	319.076	879.537	31.560
2819	9.39333	319.084	879.748	31.578
2820	9.39667	319.054	880.013	31.612
2821	9.40000	319.049	880.249	31.619
2822	9.40333	319.017	880.411	31.635
2823	9.40667	318.977	880.602	31.649
2824	9.41000	318.940	880.748	31.651
2825	9.41333	318.900	880.910	31.668
2826	9.41667	318.872	880.991	31.669
2827	9.42000	318.819	881.078	31.664
2828	9.42333	318.800	881.143	31.651
2829	9.42667	318.764	881.204	31.667
2830	9.43000	318.743	881.243	31.650
2831	9.43333	318.714	881.271	31.649
2832	9.43667	318.678	881.276	31.644
2833	9.44000	318.651	881.282	31.618
2834	9.44333	318.649	881.274	31.597
2835	9.44667	318.627	881.250	31.576
2836	9.45000	318.617	881.224	31.565
2837	9.45333	318.583	881.212	31.547
2838	9.45667	318.576	881.201	31.519
2839	9.46000	318.550	881.171	31.508
2840	9.46333	318.541	881.133	31.500
2841	9.46667	318.541	881.056	31.505
2842	9.47000	318.546	880.952	31.510
2843	9.47333	318.579	880.844	31.509
2844	9.47667	318.623	880.693	31.514
2845	9.48000	318.674	880.535	31.534
2846	9.48333	318.753	880.323	31.534
2847	9.48667	318.817	880.096	31.529
2848	9.49000	318.861	879.863	31.506
2849	9.49333	318.906	879.613	31.476
2850	9.49667	318.957	879.315	31.446
2851	9.50000	319.013	879.030	31.413
2852	9.50333	319.058	878.722	31.408
2853	9.50667	319.104	878.446	31.396
2854	9.51000	319.151	878.194	31.385
2855	9.51333	319.197	877.978	31.353
2856	9.51667	319.253	877.714	31.317
2857	9.52000	319.291	877.466	31.295
2858	9.52333	319.307	877.265	31.274
2859	9.52667	319.347	877.091	31.232
2860	9.53000	318.331	875.094	33.016
2861	9.53333	318.068	874.691	33.296
2862	9.53667	318.084	874.360	33.430
2863	9.54000	318.070	874.193	33.486
2864	9.54333	318.014	874.072	33.537
2865	9.54667	318.014	874.001	33.560
2866	9.55000	318.064	873.904	33.583
2867	9.55333	318.092	873.857	33.570
2868	9.55667	318.106	873.863	33.551
2869	9.56000	318.150	873.839	33.537
2870	9.56333	319.156	875.919	31.626
2871	9.56667	319.194	875.957	31.590
2872	9.57000	319.211	875.991	31.562
2873	9.57333	319.234	876.012	31.553
2874	9.57667	319.248	876.046	31.532
2875	9.58000	319.271	876.067	31.522
2876	9.58333	319.277	876.096	31.519
2877	9.58667	319.282	876.116	31.512
2878	9.59000	319.288	876.122	31.500
2879	9.59333	319.295	876.150	31.486
2880	9.59667	319.299	876.182	31.485
2881	9.60000	319.311	876.191	31.482
2882	9.60333	319.306	876.204	31.467
2883	9.60667	319.310	876.206	31.473
2884	9.61000	319.323	876.224	31.456
2885	9.61333	319.328	876.215	31.454
2886	9.61667	319.333	876.228	31.446
2887	9.62000	319.337	876.241	31.437
2888	9.62333	319.346	876.240	31.431
2889	9.62667	319.360	876.234	31.424
2890	9.63000	319.366	876.224	31.400
2891	9.63333	319.390	876.209	31.371
2892	9.63667	319.434	876.170	31.360
2893	9.64000	319.489	876.143	31.341
2894	9.64333	319.548	876.113	31.320
2895	9.64667	319.607	876.047	31.288
2896	9.65000	319.702	875.964	31.243
2897	9.65333	319.780	875.907	31.204
2898	9.65667	319.868	875.872	31.160
2899	9.66000	319.941	875.808	31.120
2900	9.66333	320.020	875.749	31.081
2901	9.66667	320.075	875.710	31.042
2902	9.67000	320.135	875.677	31.003
2903	9.67333	320.188	875.617	30.975
2904	9.67667	320.251	875.560	30.928
2905	9.68000	320.320	875.483	30.893
2906	9.68333	320.400	875.423	30.858
2907	9.68667	320.470	875.387	30.830
2908	9.69000	320.551	875.349	30.798
2909	9.69333	320.617	875.296	30.756
2910	9.69667	320.709	875.223	30.718
2911	9.70000	320.789	875.161	30.682
2912	9.70333	320.876	875.091	30.638
2913	9.70667	320.967	875.021	30.613
2914	9.71000	321.051	874.919	30.552
2915	9.71333	321.124	874.845	30.506
2916	9.71667	321.182	874.783	30.474
2917	9.72000	321.247	874.737	30.473
2918	9.72333	321.316	874.682	30.483
2919	9.72667	321.399	874.613	30.458
2920	9.73000	321.483	874.540	30.442
2921	9.73333	321.554	874.472	30.431
2922	9.73667	321.637	874.416	30.420
2923	9.74000	321.725	874.356	30.415
2924	9.74333	321.821	874.300	30.407
2925	9.74667	321.926	874.261	30.402
2926	9.75000	322.044	874.197	30.402
2927	9.75333	322.178	874.132	30.402
2928	9.75667	322.315	874.075	30.404
2929	9.76000	322.469	873.980	30.406
2930	9.76333	322.618	873.876	30.381
2931	9.76667	322.773	873.786	30.366
2932	9.77000	322.916	873.680	30.358
2933	9.77333	323.031	873.611	30.348
2934	9.77667	323.139	873.548	30.348
2935	9.78000	323.231	873.495	30.354
2936	9.78333	323.322	873.430	30.364
2937	9.78667	323.398	873.360	30.363
2938	9.79000	323.460	873.307	30.370
2939	9.79333	323.520	873.232	30.369
2940	9.79667	323.581	873.191	30.362
2941	9.80000	323.614	873.142	30.345
2942	9.80333	323.644	873.097	30.339
2943	9.80667	323.650	873.069	30.313
2944	9.81000	323.651	873.056	30.270
2945	9.81333	323.687	873.065	30.276
2946	9.81667	323.741	873.029	30.266
2947	9.82000	323.788	873.012	30.269
2948	9.82333	323.843	873.008	30.281
2949	9.82667	323.905	873.004	30.284
2950	9.83000	323.970	872.991	30.288
2951	9.83333	324.030	872.981	30.284
2952	9.83667	324.086	872.975	30.289
2953	9.84000	324.123	872.979	30.293
2954	9.84333	324.167	872.974	30.292
2955	9.84667	324.221	872.977	30.302
2956	9.85000	324.270	872.959	30.289
2957	9.85333	324.284	872.973	30.293
2958	9.85667	324.299	872.966	30.302
2959	9.86000	324.300	872.966	30.297
2960	9.86333	324.299	872.966	30.293
2961	9.86667	324.301	872.967	30.292
2962	9.87000	324.307	872.967	30.298
2963	9.87333	324.314	872.978	30.288
2964	9.87667	324.318	872.974	30.278
2965	9.88000	324.319	872.988	30.286
2966	9.88333	324.323	872.978	30.281
2967	9.88667	324.334	872.976	30.281
2968	9.89000	324.340	872.986	30.282
2969	9.89333	324.342	872.989	30.281
2970	9.89667	324.345	872.987	30.268
2971	9.90000	324.351	873.008	30.277
2972	9.90333	324.354	873.005	30.271
2973	9.90667	324.358	873.013	30.265
2974	9.91000	324.365	873.020	30.264
2975	9.91333	324.360	873.037	30.262
2976	9.91667	324.363	873.018	30.256
2977	9.92000	324.360	873.031	30.260
2978	9.92333	324.374	873.031	30.262
2979	9.92667	324.370	873.037	30.252
2980	9.93000	324.374	873.044	30.255
2981	9.93333	324.383	873.039	30.247
2982	9.93667	324.380	873.052	30.250
2983	9.94000	324.383	873.037	30.253
2984	9.94333	324.381	873.050	30.248
2985	9.94667	324.386	873.041	30.244
2986	9.95000	324.394	873.043	30.250
